{
    "Student1" : 
    {
        "name" : "Sam",
        "Age" : "33",
        "Qualification" : "BSC",
        "Email" : "sam1291@gmail.com", "id": 1
    },
    "Student2" : 
    {
        "name" : "David",
        "Age" : "23",
        "Qualification" : "HNC",
        "Email" : "david2323@gmail.com", "id": 2
    },
    "Student3" : 
    {
        "name" : "Sam",
        "Age" : "18",
        "Qualification" : "A Level",
        "Email" : "sarah8293@gmail.com", "id": 3
    }
}